Name/Business Name,Skill/Industry,Email,Phone/WhatsApp,Website/Portfolio,Location,Source URL,Source Type,Email Validation Status,Date Collected
Eko Hotels & Suites,Hotel & Hospitality,sales@ekohotels.com; reservation@ekohotels.com; banquet@ekohotels.com,+234 1 2772700,https://www.ekohotels.com,Victoria Island Lagos Nigeria,https://www.ekohotels.com/contact.php,Business Website,valid_mx,2025-06-27
Radisson Blu Anchorage Hotel Lagos,Hotel & Hospitality,Info.lagos@radissonblu.com; Reservations.lagos@radissonblu.com,+234 8 139 850,https://www.radissonhotels.com/en-us/hotels/radisson-blu-lagos-anchorage,Victoria Island Lagos Nigeria,https://www.radissonhotels.com/en-us/hotels/radisson-blu-lagos-anchorage/contact,Business Website,valid_mx,2025-06-27
Lagos Continental Hotel,Hotel & Hospitality,reservations@thelagoscontinental.com,+234 1 2366666; +234 708 756 8895,https://lagoscontinentalhotel.com-nigeria.com,Victoria Island Lagos Nigeria,https://neo.cultbooking.com/CPC/,Business Website,valid_mx,2025-06-27
Hard Rock Cafe Lagos,Restaurant & Entertainment,gm.hrclagos@sjmnigeria.com,+234 908 198 8888,https://cafe.hardrock.com/lagos,Victoria Island Lagos Nigeria,https://cafe.hardrock.com/lagos,Business Website,valid_mx,2025-06-27
Accenture Nigeria,Consulting & Technology,Not Available,+234 1 262 6929; +234 1 267 2780; +234 1 320 0299,https://www.accenture.com,Victoria Island Lagos Nigeria,https://nigeriayponline.com/co-accenture-nigeria/1231387/contactus.html,Professional Directory,N/A,2025-06-27
Citibank Nigeria Limited,Banking & Finance,complaints.nigeria@citi.com,+234 1 279 8642,https://www.citigroup.com,Victoria Island Lagos Nigeria,https://www.citigroup.com/global/about-us/global-presence/nigeria,Business Website,valid_mx,2025-06-27
Layer3,IT & Technology Solutions,enquiry@layer3.com.ng; sales@layer3.com.ng,+234 1 280 5526; +234 908 529 3740,https://www.layer3.ng,Victoria Island Lagos Nigeria,https://www.layer3.ng/contact-us,Business Website,valid_mx,2025-06-27
Dental Plus Clinic,Dental Clinic,dentalplus.ng@gmail.com,+234 1 454 4207; 0802 551 4175,https://dentalplusng.com,Victoria Island Lagos Nigeria,https://dentalplusng.com/contact-us,Business Website,valid_mx,2025-06-27
Mouth Spa Dental Clinic,Dental Clinic,themouthspa@gmail.com,+234 809 456 0813; +234 907 142 2040,https://mouthspa.com.ng,Victoria Island Lagos Nigeria,https://mouthspa.com.ng,Business Website,valid_mx,2025-06-27
Odontoville Dental Clinics,Dental Clinic,contact@odontovilledentalclinics.com,0808 505 8218; 0809 125 0170,https://www.odontovilledentalclinics.com,Victoria Island Lagos Nigeria,https://www.odontovilledentalclinics.com,Business Website,valid_mx,2025-06-27
Africa Digital Agency,Digital Marketing,Not Available,+234 806 737 0247; +234 806 610 4214,https://africadigital.com.ng,Victoria Island Lagos Nigeria,https://africadigital.com.ng/contact-us,Business Website,N/A,2025-06-27
WSI Axon,Digital Marketing,ask@wsiaxon.com,+234 903 898 3631,https://www.wsiaxon.com,Victoria Island Lagos Nigeria,https://www.wsiaxon.com/speak-to-an-expert,Business Website,valid_mx,2025-06-27
Orbit Financial Services Limited,Financial Advisory,info@orbitfinancial.ng,0704 000 0014,https://orbitfinancial.ng,Victoria Island Lagos Nigeria,https://orbitfinancial.ng/contact,Business Website,valid_mx,2025-06-27
Associated Attorneys,Legal Services,Not Available,+234 803 787 0631; +234 808 200 0111,https://associated-attorneys.com,Victoria Island Lagos Nigeria,https://associated-attorneys.com/contact-1,Business Website,N/A,2025-06-27
Zenith Bank (Head Office),Banking,Not Available,+234 1 461 8677,https://www.zenithbank.com,Victoria Island Lagos Nigeria,https://www.volza.com/company-profile/zenith-bank-plc-77738052/contacts,Business Directory,N/A,2025-06-27
Bolutokun Estate Agency,Real Estate,Not Available,+234 806 716 8266; +234 805 587 3455,https://bolutokun.com,Victoria Island Lagos Nigeria,https://bolutokun.com/estate-agency,Business Website,N/A,2025-06-27
Ramos Real Estate,Real Estate,Not Available,+234 813 335 5522,https://ramosrealestateng.com,Victoria Island Lagos Nigeria,https://ramosrealestateng.com,Business Website,N/A,2025-06-27

